first_name,last_name,phone,salary
Krystal,Rennebach,+63 (702) 201-2896,93375.15
Geoff,McGinn,+7 (555) 229-7926,93268.43
Karyn,Dassindale,+1 (942) 933-9812,77137.07
Edythe,Wannes,+62 (557) 348-7294,59688.1
Standford,Targetter,+351 (302) 920-3660,82870.93
Web,Charman,+62 (303) 469-7686,99577.77
Judie,Finley,+81 (369) 131-6133,72386.77
Nefen,Roddy,+1 (994) 539-5726,88292.43
Padriac,Bertin,+7 (997) 822-9216,61972.2
Tadio,Blackledge,+86 (626) 423-3659,85038.6
Carlen,Sancroft,+597 (515) 973-9061,79302.1
Finley,Gallihaulk,+47 (781) 895-8410,52986.77
Charita,Micklewicz,+238 (228) 917-8193,84694.71
Symon,Brumby,+998 (673) 387-4963,52795.82
Thornie,Aarons,+972 (958) 580-5556,86974.31
Robin,Hanks,+62 (721) 899-8365,88965.04
Corliss,Schlag,+66 (415) 761-6648,75705.36
Vivyanne,Pritchett,+81 (768) 339-6880,91045.8
Sena,Cary,+86 (777) 828-5243,50459.96
Janie,Halsho,+62 (276) 682-1757,52072.05
Sloane,Odcroft,+387 (473) 383-2773,84881.04
Constantine,Farlowe,+967 (252) 300-0567,97660.11
Jean,Heiden,+998 (237) 729-0271,83186.82
Susette,Clementson,+62 (958) 411-5482,50994.44
Alberta,McCardle,+389 (394) 676-3829,74489.47
Carmelle,Dyers,+66 (692) 499-2088,65208.7
Sam,Murdy,+62 (111) 882-6656,68211.42
Kitty,Helstrom,+504 (888) 955-8139,58794.65
Jecho,Jindacek,+238 (112) 933-8013,64699.81
Kristian,Fernie,+7 (975) 273-4107,64729.0
Hastie,Befroy,+62 (406) 542-4549,85767.83
Rhianna,Niemiec,+27 (364) 624-3624,65009.41
Erick,Colquete,+291 (646) 743-7588,52168.53
Dolph,Scandroot,+62 (504) 266-8507,51832.63
Janetta,Dudley,+1 (303) 725-2782,69841.85
Stevana,Leivesley,+86 (727) 816-6383,72349.49
Todd,Guntrip,+504 (628) 603-6673,81453.15
Carmon,Abbys,+7 (741) 555-8433,98715.4
Rossie,Postins,+44 (569) 935-7652,64812.93
Nettle,Kite,+374 (227) 555-1899,98997.01
Carny,Gilders,+62 (860) 519-3681,69165.42
Warde,Krimmer,+84 (429) 910-0495,98539.01
Salome,Girardot,+420 (222) 196-1970,54427.15
Del,Spehr,+66 (787) 144-2908,79970.2
Olvan,Lainton,+57 (248) 585-9317,83110.59
Tades,Bloss,+7 (994) 204-5783,50491.59
Cara,Kearley,+86 (868) 409-3705,65257.86
Hunter,Duffus,+54 (230) 562-3265,97708.73
Kiel,Breddy,+62 (767) 693-7281,64990.68
Daveen,Bruinsma,+381 (176) 903-8363,58009.08
Paulie,McBeath,+55 (624) 627-1457,95086.85
Maximo,Caville,+66 (405) 573-6170,69395.24
Shepherd,Toffolo,+33 (625) 765-4981,73047.6
Thia,Roderighi,+269 (535) 774-4730,51964.15
Myrtie,Rodolf,+27 (851) 631-3518,71616.73
Nalani,Mackriell,+46 (618) 159-6782,74854.54
Delbert,Dunbleton,+230 (788) 534-4180,93390.19
Korry,Matteoni,+7 (899) 527-6342,85351.7
Rosana,Pratten,+351 (611) 353-6021,60679.8
Yolane,Stocker,+48 (245) 545-8446,64028.17
Lolita,Suttell,+994 (714) 742-2780,70288.98
Salome,Grove,+86 (293) 145-9683,83619.04
Bridget,Woodyatt,+1 (264) 762-8311,52988.66
Maryl,Tysack,+7 (960) 679-6693,67226.62
Sharon,Kremer,+51 (487) 700-1848,51657.07
Laverne,Gristock,+420 (632) 818-2393,82347.35
Jobi,Dwyer,+55 (949) 536-2505,98105.48
Kory,Quinlan,+54 (642) 833-2178,99241.47
Gunar,Dolton,+351 (141) 853-4446,53727.04
Noami,Swanwick,+93 (500) 658-2592,65920.97
Morgen,Kolis,+1 (770) 724-5697,97661.09
Cassy,Rushbury,+380 (819) 618-3380,72225.21
Giorgia,Cowles,+55 (365) 959-4175,64803.5
Gian,Cristobal,+7 (753) 204-1827,60433.93
Sven,Chilles,+7 (745) 962-7078,95838.2
Thaddus,Sherwin,+54 (987) 828-8884,87325.4
Barty,Caven,+7 (272) 830-3152,73235.08
Louis,Adame,+95 (685) 722-5379,62910.41
Daphne,Inskipp,+52 (728) 676-5921,68929.09
Pegeen,Tamas,+81 (356) 711-5933,72114.9
Dorette,Bolliver,+62 (619) 603-6996,66122.84
Glad,Mellenby,+57 (885) 269-1878,70227.88
Rudie,Pratton,+63 (414) 815-6167,86071.65
Natalina,Labin,+351 (203) 536-7274,54113.4
Gan,Lawland,+351 (742) 993-6085,56956.85
Avigdor,Jorissen,+55 (143) 162-3370,79117.04
Kellen,Blacklawe,+86 (356) 201-9872,74508.75
Lana,Malter,+7 (700) 170-9691,56437.23
Bette-ann,Pancost,+62 (400) 923-2428,96635.74
Skipper,Hilldrup,+30 (539) 397-0192,73875.53
Dodie,Macenzy,+353 (527) 974-1835,76112.51
Chad,Baughn,+92 (563) 791-4736,95237.11
Adi,Rampage,+86 (686) 268-6828,84169.74
Deena,Chalke,+351 (244) 123-2007,58252.71
Vernen,O'Dyvoie,+7 (136) 458-8554,53912.62
Davida,Kyrkeman,+86 (217) 560-4837,79408.85
Sissie,Trimbey,+62 (627) 820-2738,90323.11
Torrey,Barthram,+62 (887) 309-4434,54719.87
Inez,Skellen,+371 (356) 676-1359,84469.53
Lisa,Moore,+62 (454) 345-5568,84293.85
Clarence,Tunniclisse,+81 (809) 382-6336,65801.51
Shayne,Collerd,+92 (860) 568-6010,54636.64
Kile,Hesser,+389 (566) 361-7283,72594.67
Lorraine,Rawlison,+7 (909) 589-3451,60666.58
Kenton,Tonkinson,+55 (351) 342-3482,57101.41
Bethanne,Jerdan,+86 (586) 421-8590,55990.76
Sargent,Channing,+689 (387) 407-6712,62887.26
George,Dickin,+1 (360) 778-0091,91228.1
Belva,Isbell,+62 (672) 780-7628,62960.29
Davine,Pobjoy,+355 (929) 265-4005,82959.93
Bronny,Mildmott,+33 (437) 740-9569,65074.25
Hayley,Paulsen,+507 (381) 270-0318,78981.12
Bard,Brenton,+420 (797) 567-5893,58158.1
Sibella,Tollmache,+234 (220) 845-6665,68299.63
Titus,Gradley,+92 (803) 676-6336,51329.37
Leanor,Musgrave,+86 (642) 605-0576,78621.64
Kristien,Gillease,+62 (831) 745-6188,56176.31
Ogdon,Rasmus,+33 (257) 396-8422,72858.97
Rice,Conneau,+62 (164) 330-6081,51661.35
Rhianna,Scuffham,+55 (445) 153-2892,65070.97
Manfred,Geratt,+48 (821) 871-8979,77412.99
Harlene,McBean,+81 (279) 803-7894,83774.41
Vidovic,Tevlin,+55 (913) 718-2775,68018.43
Prissie,Baillie,+53 (193) 237-3293,52635.21
Jessalin,Youthed,+375 (426) 930-4778,50409.36
Anson,Lorne,+1 (930) 847-8974,89112.67
Allard,Magson,+86 (319) 480-8968,82636.12
Rodie,De Domenici,+62 (396) 687-7677,87220.4
Marianne,Clingoe,+20 (662) 514-4750,57319.33
Gabriela,Sisselot,+86 (770) 419-1143,98765.0
Jeralee,Petters,+86 (807) 338-3568,63667.85
Melisent,Growden,+351 (417) 788-5850,71613.4
Aubrie,Boullen,+1 (386) 288-9354,79630.31
Erin,Elmhurst,+86 (930) 174-9996,60088.69
Daisie,Duchateau,+30 (228) 333-6379,53951.62
Cati,Shuttleworth,+33 (483) 402-6600,53497.25
Jobyna,Mitie,+51 (483) 483-9129,87709.75
Kermit,Muck,+351 (668) 311-9903,86436.53
Birgit,Cockcroft,+353 (824) 705-2824,91203.92
Warden,Birdsey,+86 (653) 878-7168,79125.8
Berke,Jacobi,+62 (231) 854-9096,94088.63
Kelvin,Poulney,+63 (869) 657-8921,96077.15
Edie,Cairns,+57 (900) 823-6835,89466.56
Valaria,Maddaford,+380 (317) 545-6587,81857.44
Boone,Defty,+380 (882) 807-9820,88387.53
Osbourn,Boutwell,+64 (408) 346-4775,73364.88
Therine,Streeting,+86 (920) 955-9277,51233.02
Katine,Brammar,+46 (280) 745-7605,77859.39
Quinlan,Deppen,+47 (431) 433-1377,82078.85
Kennedy,Humberston,+62 (155) 660-6928,63256.84
Roland,Cockell,+86 (871) 979-3461,51834.36
Marney,Ashdown,+60 (284) 723-3425,96082.01
Edyth,Losebie,+86 (860) 504-6791,53295.17
Corey,Vaggs,+62 (487) 767-8224,98017.58
Harlin,Stanyland,+7 (977) 847-3986,62120.86
Hale,Verdey,+970 (212) 576-1248,61081.41
Shir,Poytheras,+46 (458) 209-4953,53602.77
Gavan,Stolte,+86 (226) 568-7891,69978.06
Loutitia,Greenhaugh,+33 (734) 798-6904,78180.29
Rafa,Barnsdall,+48 (396) 634-2947,86499.69
Mariya,Wescott,+55 (669) 632-2980,64747.25
Abbot,Beazley,+972 (335) 207-3744,57836.62
Ramona,Allery,+86 (682) 899-3630,88067.05
Codi,Gurrado,+46 (142) 293-4955,85228.12
Genevra,Ethington,+237 (240) 200-6042,63563.35
Jarib,Preuvost,+994 (427) 979-4251,97271.34
Eldredge,Guyot,+81 (365) 648-1303,54908.38
Kiah,Tiddeman,+994 (652) 884-6865,71300.64
Corrina,Ateggart,+86 (315) 495-2529,89866.32
Briggs,Elvidge,+54 (398) 699-9426,69889.41
Eduino,Pilmer,+86 (129) 869-9239,80247.65
Shermy,Juschka,+81 (487) 724-1862,69916.94
Phip,Asel,+1 (243) 917-1508,65019.4
Kellia,Wones,+55 (189) 336-2077,52702.05
Flem,Tinan,+1 (448) 107-8651,87451.68
Laughton,Bog,+351 (888) 106-3798,52362.64
Silvester,Bascomb,+7 (617) 530-2724,67889.41
Birgit,Slixby,+258 (285) 611-5095,74409.61
Crawford,Benzi,+46 (213) 186-6635,91066.09
Stefanie,Shann,+1 (212) 505-6269,97233.99
Helaine,Nannoni,+86 (636) 354-9133,70575.57
Kaleb,Fargher,+86 (914) 573-1637,79286.12
Willetta,Beautyman,+53 (364) 833-8318,70767.47
Verla,Halwood,+54 (836) 583-2020,50102.28
Charo,Vonasek,+60 (776) 536-0899,82391.2
Lon,O'Dunniom,+55 (135) 810-0186,59797.48
Brina,Chipperfield,+63 (842) 667-4786,80161.04
Averil,Gossage,+86 (237) 543-6607,92263.81
Jody,Dukesbury,+86 (146) 754-2042,67003.22
Maximilien,Strete,+850 (996) 353-3664,86599.43
Florri,Duham,+86 (169) 979-1425,81603.81
Adair,Onthank,+86 (974) 512-2130,90847.8
Gregorius,Domeney,+7 (429) 542-8949,79672.89
Stepha,Treadaway,+55 (860) 677-7930,74291.84
Marika,Selborne,+1 (371) 537-8083,56068.22
Emlen,McIlory,+86 (420) 354-9370,50359.27
Augustine,Gurr,+63 (864) 358-1741,93957.79
Norrie,Phebee,+7 (301) 457-3983,84361.04
Amie,Lothlorien,+62 (693) 971-4397,67074.83
Colas,Elflain,+964 (924) 807-6385,96979.74
Broddie,Corbert,+242 (473) 140-8388,88998.12
Hannie,Severn,+353 (673) 450-9092,75041.18
Stanfield,Balf,+86 (223) 863-6391,57651.8
Vaclav,Viner,+240 (906) 662-7661,65429.78
Kendricks,Rishworth,+7 (113) 611-1026,62399.13
Wolfgang,Sherer,+63 (124) 312-3517,62702.88
Tiffi,Rykert,+62 (906) 724-5910,70061.53
Dorie,Blaxter,+33 (690) 368-0691,82343.74
Sarette,Weare,+82 (529) 410-4997,78614.83
Roosevelt,Bradbeer,+55 (620) 658-9652,80137.15
Emerson,Skeleton,+234 (638) 163-0674,75374.77
Haroun,Milliere,+33 (373) 203-0310,63358.92
Lukas,Groucock,+86 (698) 360-7650,78492.22
Zeke,Matterdace,+86 (295) 284-1855,91519.55
Nicki,Wibrew,+86 (651) 665-7460,90384.86
Emma,Middlemass,+54 (584) 606-9047,58470.66
Rhys,Trinder,+970 (609) 152-9754,69704.63
Deva,Sellens,+1 (806) 909-9134,72507.92
Cesya,McLauchlin,+86 (822) 730-3084,83679.61
Saul,Fanthome,+1 (202) 453-4323,72390.65
Olivette,Abdee,+48 (774) 929-4249,59100.94
Marna,Kenderdine,+62 (479) 825-6516,63863.72
Kriste,Bartkiewicz,+64 (809) 615-2950,61807.21
Kristopher,Kassidy,+596 (752) 340-3280,99798.48
Morten,McDougald,+49 (548) 517-1937,86565.98
Norry,Guiness,+46 (588) 663-4776,94414.98
Akim,Limer,+992 (803) 330-9950,57907.69
Leonerd,Kirkhouse,+356 (653) 414-0994,72400.74
Shelba,Simkiss,+86 (638) 881-5940,74431.65
Bard,Louw,+86 (985) 757-6033,97862.61
Correna,Burnitt,+7 (315) 116-5144,95242.86
Hermina,Tebbett,+62 (520) 812-8127,91385.94
Emmalyn,Boost,+62 (992) 301-9160,90217.18
Lock,Stigell,+380 (556) 538-7134,90647.09
Pegeen,MacTeague,+7 (412) 462-9940,84539.13
Essy,Northam,+86 (137) 810-2628,80952.95
Ilsa,Soles,+7 (790) 325-8572,79038.24
Markus,Cherrington,+86 (703) 559-6948,97728.26
Elly,Pruvost,+62 (844) 183-8983,57693.97
Shoshanna,Dominighi,+64 (281) 486-0359,55908.86
Blake,Labram,+62 (776) 613-3916,71281.2
Chiarra,Daveridge,+62 (681) 572-9788,68968.98
Eben,Ellse,+63 (508) 753-9769,79822.55
Bibbye,Gready,+994 (323) 555-1440,94699.72
Vale,Edmunds,+62 (970) 185-5914,70711.07
Larissa,Alkin,+86 (400) 205-2842,62921.86
Con,Izsak,+48 (840) 108-1387,70448.23
Augustin,Rankling,+355 (855) 384-8296,97220.83
Ofella,Downing,+81 (101) 446-4026,70025.59
Genovera,Sire,+689 (667) 868-6688,53591.98
Irving,Mallinar,+353 (413) 853-0011,50751.11
Celie,Guidera,+998 (165) 960-2036,78919.69
Correy,Hellier,+63 (800) 897-5030,60207.1
Lilli,Bardsley,+48 (126) 771-3377,51293.46
Solomon,Robertot,+267 (137) 824-3620,86135.61
Antonio,Druce,+62 (341) 664-9558,51829.26
Meier,Tarquini,+62 (124) 938-4492,58911.7
Madelaine,McSpirron,+55 (302) 512-9280,55820.76
Hadrian,Kleint,+970 (548) 264-6752,75304.76
Murdock,Mathys,+63 (939) 839-5438,77966.77
Alejandrina,Fritz,+62 (647) 761-1599,69680.6
Teodorico,Doge,+30 (468) 123-0400,54009.01
Keen,Jako,+86 (547) 192-6430,79264.92
Giff,Childerhouse,+7 (862) 395-6426,93542.82
Aurelie,Haacker,+86 (431) 475-0990,85566.87
Alyce,Quarmby,+351 (417) 485-3990,80015.43
Nehemiah,Bertomieu,+351 (189) 561-0512,90444.48
Shanan,Bowdrey,+54 (779) 666-4204,60731.13
Ali,Rossoni,+963 (980) 788-9691,54148.06
Wynny,Shipston,+254 (204) 899-8608,85107.61
Debbie,O'Lyhane,+81 (800) 492-6377,86824.19
Sharleen,Eilhersen,+351 (743) 574-9930,83472.04
Mame,Serrurier,+62 (410) 528-4008,76869.35
Emmy,Balmann,+49 (752) 200-5870,62803.99
Cherlyn,Gebhardt,+234 (567) 345-5743,61915.15
Hedwig,Buist,+7 (225) 169-1087,67612.05
Michele,Ludwikiewicz,+1 (302) 622-6855,54828.31
Consuela,Ventura,+81 (120) 610-0496,55363.14
Georgina,Hurling,+84 (550) 342-9291,91285.74
Mordecai,Strettle,+7 (223) 401-6478,93418.99
Dean,Castellet,+62 (497) 553-0193,81554.26
Adriena,Simonsson,+86 (159) 493-0587,58014.26
Delaney,Spieck,+62 (630) 177-7537,63986.14
Alaine,Donohoe,+33 (776) 765-1107,82641.45
Noak,Dows,+51 (917) 701-5978,71639.16
Edgardo,Conaboy,+593 (649) 834-4830,60142.6
Vachel,Nutbrown,+351 (715) 839-5870,78193.32
Marilin,Blaik,+86 (605) 712-6815,93394.14
Florella,Ewers,+7 (748) 104-9163,58954.84
Toby,MacLese,+86 (113) 172-1832,82071.53
Roberta,Matchitt,+63 (483) 878-4294,79228.14
Raffaello,Danko,+7 (678) 980-1626,73259.97
Glenda,Dietzler,+86 (268) 706-7972,55092.46
Alanson,Ughini,+961 (126) 411-4941,55473.37
Thebault,Bouller,+86 (985) 958-1278,51829.7
Sandi,Boole,+33 (458) 307-1699,91674.06
Nonna,Franklyn,+33 (741) 467-6069,52962.69
Nealon,Plunkett,+1 (334) 768-3083,92512.73
Lawrence,Swansborough,+234 (417) 981-9122,55847.57
Fidel,Graveney,+351 (649) 632-2003,54266.6
Mycah,Carrington,+351 (991) 597-0204,66407.25
Marthena,Cosford,+86 (862) 762-4626,91512.45
Caron,Stripp,+51 (324) 574-9078,90092.05
Dani,Parlot,+66 (719) 299-7851,88495.67
Oswell,Caslane,+1 (412) 623-0260,95336.2
Moira,Rumbellow,+86 (712) 380-9519,66070.96
Ania,Muschette,+7 (493) 760-5384,56187.9
Cozmo,Blenkiron,+86 (958) 931-6050,53070.89
Melesa,Piddick,+48 (706) 882-8861,76202.27
Oralie,Coggles,+351 (229) 696-4324,58390.28
Cloris,Selwood,+46 (365) 327-8527,63879.51
Cobb,Phittiplace,+7 (892) 138-6249,98360.08
Genni,Bilbrey,+46 (805) 455-9339,81455.22
Keven,Doldon,+598 (604) 589-2732,60859.21
Mignon,Hendrichs,+7 (826) 167-4728,53112.28
Antoinette,Shorbrook,+86 (929) 766-1718,94398.82
Meagan,Duke,+1 (314) 916-3550,53335.95
Bren,Eyden,+62 (464) 999-9126,86680.43
Magdalen,Mangeney,+351 (541) 447-6443,96180.85
Darya,Althorp,+33 (827) 185-4331,77077.92
Baldwin,Saundercock,+86 (157) 902-4541,93549.08
Meris,Lammiman,+81 (980) 499-8865,57529.49
Leland,Lunam,+385 (464) 450-1826,96516.41
Kathryn,Horick,+57 (841) 865-3546,81824.86
Gaynor,Hendricks,+86 (828) 281-4199,91179.1
Annabela,Fludder,+504 (880) 751-2567,87754.97
Gareth,Pierton,+86 (995) 524-6970,66099.47
Tony,Arnald,+63 (750) 746-8363,60493.06
Ajay,Werndley,+33 (582) 294-0976,94427.79
Ernest,Capeling,+27 (932) 219-1226,93025.9
Hana,Overland,+86 (245) 538-6201,71051.83
Maxim,Flea,+48 (710) 692-1082,96476.58
Cedric,Gillard,+886 (378) 658-1457,95268.65
Jard,Cheater,+52 (708) 746-0799,70640.98
Torr,Gann,+1 (309) 531-4519,81348.98
Kaleena,Suller,+66 (501) 587-7079,51397.43
Si,Marien,+46 (302) 527-1789,62656.31
Garland,Pashenkov,+976 (848) 913-3215,51652.09
Roderic,Minnis,+48 (995) 119-1932,88853.07
Smitty,Poytres,+95 (720) 648-0940,51836.37
Charil,Smead,+46 (146) 722-2691,95886.94
Jamaal,Royden,+57 (657) 745-2017,98794.78
Dniren,Greetham,+33 (625) 403-4421,75401.53
Curt,Sherrell,+62 (863) 539-2373,98206.68
Ammamaria,Leguey,+62 (370) 630-1419,90456.65
Ephrem,McEllen,+353 (949) 984-7369,97595.47
Cece,Micah,+86 (885) 750-6533,53330.63
Cordula,MacDowall,+234 (944) 943-8165,60831.16
Tedi,Major,+55 (880) 924-0607,92935.22
Shaw,Pennoni,+62 (747) 784-3547,67991.45
Anabelle,Macak,+86 (898) 971-2424,95234.26
Rhodie,Macey,+62 (568) 278-6103,53102.91
Babbette,Ackred,+86 (686) 838-7631,85092.93
Phylys,Smead,+7 (590) 542-5941,88311.95
Roselia,Beaton,+358 (224) 426-0074,71620.23
Shellysheldon,Jurewicz,+976 (960) 407-1132,71103.59
Rhianon,Garwood,+381 (155) 511-7846,51947.01
Gates,Carde,+84 (164) 998-0522,78717.28
Tiler,Mangham,+351 (721) 269-6453,60223.84
Waiter,Grosvener,+236 (786) 127-6895,74376.9
Selia,Booeln,+63 (709) 690-1533,83062.19
Philip,Barsam,+86 (897) 390-0783,66219.88
Mahalia,Eyckelberg,+351 (733) 200-3673,91239.84
Etienne,Dubble,+972 (206) 811-2289,89269.49
Dunc,Greenaway,+62 (842) 585-7652,68013.8
Noella,Prothero,+354 (506) 402-3007,54581.34
Penn,MacCheyne,+30 (115) 290-4288,71733.12
Siana,Shepherdson,+20 (984) 596-4567,66204.88
Daisie,Pods,+63 (889) 352-9974,51976.43
Stanwood,Sorrie,+970 (903) 837-3016,54940.88
Poppy,Vero,+86 (315) 638-3428,97516.86
Aggi,Ruggiero,+31 (175) 310-2267,79055.01
Gaspard,Antonoyev,+92 (438) 550-3652,62475.77
Hurleigh,Battell,+53 (744) 362-3077,89942.58
Rebbecca,Caudrey,+63 (464) 625-0464,71369.38
Anabella,Scholar,+86 (511) 312-6083,56950.4
Dal,MacKerley,+220 (402) 846-2374,61744.84
Dunstan,Kenwrick,+389 (520) 692-5962,71593.86
Bren,Derry,+7 (203) 143-8607,52778.73
Ansley,Eat,+7 (807) 787-6227,83844.21
Averil,Bourley,+48 (314) 740-0725,85914.93
Deane,Krop,+963 (756) 990-4444,50915.73
Nil,Serrier,+84 (131) 134-1623,65680.72
Mikey,Alderwick,+62 (285) 507-2470,90576.25
Sven,Purslow,+60 (409) 943-0761,93182.56
Christiana,Wankel,+86 (551) 313-4555,80605.65
Anabelle,Aisbett,+46 (838) 288-7636,96787.24
Horten,Burehill,+7 (882) 271-4497,64929.8
Pandora,Breedy,+86 (797) 355-6530,55625.53
Nannie,Whenman,+63 (870) 571-5370,76147.95
Franzen,Kytley,+7 (195) 493-3461,70735.91
Rossy,Biggerdike,+389 (666) 669-9005,92366.22
Gradeigh,Thornton,+7 (531) 628-2785,97925.89
Alina,Sole,+265 (562) 522-8479,80088.53
Antonie,Axtens,+62 (249) 807-0940,89579.94
Prent,Elstob,+225 (738) 199-3355,97258.61
Errick,Rook,+81 (419) 613-7128,99127.58
Jesse,Cappleman,+86 (899) 950-8633,67196.27
Torrence,Gyurko,+86 (173) 932-0613,70109.81
Pascale,Hartegan,+963 (816) 558-9106,66247.29
Johnathon,Cominotti,+351 (123) 117-3931,96271.6
Fanechka,Marshal,+62 (177) 179-9700,60764.46
Caritta,Caldecourt,+64 (513) 746-7014,82176.84
Aleece,Binks,+351 (571) 355-1298,76787.47
Grethel,Hawkins,+7 (945) 470-4641,52332.44
Renaldo,Lightowlers,+66 (661) 574-7417,54798.55
Wilona,Guest,+93 (606) 894-6307,93253.02
Consuelo,McGarahan,+55 (396) 497-9627,71640.82
Salome,Sandercroft,+351 (613) 277-1620,52715.08
Tynan,Bompass,+33 (475) 104-5190,71623.21
Maris,Giblin,+62 (452) 187-3430,70468.53
Lenee,Shickle,+48 (406) 164-1635,91503.77
Sigfried,Hubbert,+381 (102) 147-5118,96624.82
Alia,Vondrach,+86 (887) 610-7443,89807.57
Caressa,Dimitrov,+63 (479) 378-0890,60992.26
Roy,Hanna,+33 (912) 346-6590,82816.85
Germana,Peschka,+234 (888) 415-2515,94584.6
Jerrold,Relph,+98 (263) 150-7351,97661.73
Ware,Gilhouley,+86 (850) 751-3124,59066.33
Hercule,Puckinghorne,+86 (471) 862-6556,95934.01
Joscelin,Wastell,+33 (367) 292-9833,88036.01
Les,Garstan,+86 (792) 932-9968,53222.65
Corry,Orring,+63 (116) 196-4336,81823.37
Myranda,Mamwell,+1 (774) 502-6178,50241.2
Casie,Phillipps,+62 (629) 448-3535,99971.84
Lesya,Fallis,+62 (549) 701-9072,99531.19
Bobbee,Thorn,+86 (171) 688-4891,77846.62
Helsa,Verbruggen,+7 (947) 311-2127,56317.05
Walker,Quene,+970 (221) 107-1690,58590.92
Galen,Soggee,+352 (283) 873-2496,70554.74
Charlotta,Brewins,+62 (762) 640-7804,67091.47
Farand,Cushion,+62 (870) 960-1294,56869.08
Sergio,Netherclift,+86 (788) 405-4702,85480.57
Gabie,Munro,+62 (662) 393-5734,78209.69
Sauveur,Tew,+46 (967) 387-3561,67111.05
Catie,McEntegart,+86 (118) 140-9845,82642.07
Corby,Nesey,+48 (868) 491-8380,52076.3
Callie,Killelay,+998 (586) 700-8237,86114.26
Paige,Elstob,+63 (764) 743-9828,71416.0
Arty,Peirce,+255 (993) 147-2525,68038.28
Denyse,Vaughton,+86 (524) 252-8504,95642.68
Trixi,Rackham,+52 (581) 575-0726,51140.5
Gertie,Rehme,+62 (826) 551-8233,92134.06
Carlota,Opfer,+1 (313) 486-0813,53580.08
Adelina,Muat,+998 (125) 511-7572,69387.64
Krishnah,Roloff,+86 (734) 237-6946,56937.39
Gearard,McCullen,+86 (896) 966-4437,68118.94
Marena,O'Lehane,+62 (652) 726-0062,79643.93
Jo-ann,Cradduck,+48 (303) 371-3251,74078.9
Currey,Teather,+249 (513) 958-6218,98300.46
Augy,Derby,+86 (724) 347-1008,84947.97
Chaim,Iaduccelli,+7 (266) 946-0212,51197.3
Lamont,Banfield,+244 (178) 179-2063,86459.08
Tabatha,McAtamney,+55 (369) 872-0452,61021.79
Peder,Swalough,+62 (301) 329-2615,75760.58
Camella,Freeth,+1 (582) 597-0184,54536.15
Pearline,Longcake,+86 (401) 769-3465,93701.95
Louisa,Aingel,+86 (240) 945-3214,54128.37
Ardelis,Ackers,+385 (488) 127-2476,98650.11
Cesaro,Eveling,+234 (158) 854-6247,53635.96
Wenona,Dellatorre,+86 (282) 205-7706,54809.97
Karoly,Brenton,+30 (532) 831-9996,73352.71
Shell,Strevens,+7 (657) 142-0422,99888.06
Kara-lynn,Hillett,+30 (241) 681-3916,88996.74
Kristin,Da Costa,+54 (932) 295-4768,70067.07
Floris,Sevior,+54 (593) 210-7174,94913.54
Karney,Ovington,+86 (624) 389-1100,76916.27
Thomasine,Self,+976 (326) 324-7829,99017.27
Bianca,Kepling,+86 (709) 763-3769,60350.81
Kellen,Josselson,+7 (735) 408-9188,87728.41
Izzy,Bayle,+387 (523) 345-0259,52746.79
Rutger,Bucklan,+216 (450) 142-7704,85437.49
Jessy,Finnemore,+504 (225) 175-9200,71324.94
Barbette,de Najera,+86 (148) 272-6771,64818.71
Laney,Lief,+86 (759) 752-5162,81876.32
Dolf,Vamplus,+63 (744) 197-4610,71208.44
Brody,Okenden,+86 (202) 911-6572,78820.16
Melita,O'Hagerty,+264 (192) 389-4459,75520.26
Eveleen,Luca,+1 (798) 738-6041,56612.09
Noemi,Vannet,+86 (837) 192-1665,50466.51
Hedvig,Giraudeau,+850 (805) 907-6821,66189.07
Davon,Twitchings,+66 (587) 392-4984,68824.45
Tisha,Ditter,+968 (190) 839-1584,68532.62
Ruthy,Gymblett,+55 (329) 647-0899,50134.37
Godiva,Suffield,+253 (556) 391-6881,65290.07
Hagan,Scoggans,+381 (492) 564-1041,97967.89
Susanne,d'Arcy,+92 (987) 734-8695,87526.09
Ardene,Jickells,+86 (437) 946-6638,78210.92
Martin,Broader,+86 (705) 689-7367,67732.1
Derby,Mains,+380 (511) 969-7708,82109.13
Filberte,Bonnar,+66 (536) 390-6981,91789.52
Genevieve,De la Perrelle,+63 (104) 617-3063,77753.98
Ferdinande,Grelik,+62 (967) 948-2270,72404.95
Cynthy,Huxster,+7 (551) 389-1507,98920.08
Fred,Sponton,+62 (832) 749-9439,87434.66
Maria,Matthis,+7 (845) 674-8502,64254.06
Esmaria,Euels,+86 (243) 951-2735,67732.06
Adelbert,Martelet,+86 (180) 546-1664,88217.46
Kalinda,Torre,+86 (903) 695-2976,73907.16
Garfield,Hutcheons,+420 (883) 702-8218,53490.08
Barris,Gobolos,+33 (224) 882-3940,82352.76
Sibilla,Folbig,+30 (648) 462-0887,91683.64
Elsie,Grinikhin,+62 (173) 538-7515,99204.65
Cami,Giannasi,+62 (882) 552-8394,57329.46
Templeton,Planque,+383 (960) 638-7213,94593.91
Terrie,Theunissen,+98 (324) 452-7354,58981.43
Ora,Blindmann,+54 (624) 532-6850,53011.32
Sax,Lghan,+225 (270) 977-6755,99422.27
Nicolle,Coyte,+62 (949) 391-2879,62428.38
Leighton,Albery,+63 (888) 544-5164,65205.11
Lani,Conquer,+33 (188) 381-4658,89112.62
Neale,Lanfear,+258 (207) 657-0656,93177.97
Donia,Eldershaw,+86 (567) 578-3383,61550.09
Hilton,Rodmell,+86 (143) 847-5174,84680.65
Rafferty,Finlason,+7 (826) 406-0162,99792.16
Aloisia,Patchett,+63 (707) 483-6881,95549.29
Fernande,Burwood,+66 (574) 268-7372,56426.53
Merwin,Bare,+7 (201) 200-2996,71944.6
Chiquita,Alderson,+1 (812) 302-3266,67013.72
Taffy,Bashford,+86 (231) 894-7815,52329.79
Fianna,Chesman,+55 (130) 354-6291,97815.27
Alvinia,Pennazzi,+242 (670) 351-3226,63400.8
Ronalda,Jillitt,+62 (570) 259-6288,96928.24
Hercule,Mouth,+351 (218) 164-2739,57445.68
Leanna,Keenleyside,+81 (208) 914-8582,71522.88
Elbert,Muffen,+66 (910) 858-8469,58569.54
Christopher,Yackiminie,+30 (813) 556-9089,57529.12
Fey,Dennehy,+86 (774) 408-2558,55093.59
Falkner,Bohea,+62 (391) 123-2807,62416.47
Merrill,Bielfeldt,+53 (772) 206-2282,67762.13
Minetta,Videan,+966 (516) 590-7242,92311.49
Lisabeth,Bachshell,+34 (135) 424-9580,83157.38
Mattie,Magrannell,+351 (476) 720-9910,74026.18
Ivan,Sachno,+7 (819) 648-3749,90394.81
Anallise,Hubatsch,+51 (530) 181-5512,91033.88
Mayne,O'Regan,+33 (389) 946-5676,55190.54
Meryl,Erley,+63 (575) 210-0308,75947.09
Costanza,Geake,+351 (935) 160-8084,63111.26
Padget,Oxer,+84 (879) 609-9518,97135.89
Mathew,Goodsir,+55 (636) 303-9248,51416.1
Diann,Veregan,+48 (213) 627-4069,75063.89
Martha,Legrice,+86 (588) 603-3884,97080.68
Kary,Cockran,+93 (834) 904-2224,85369.16
Olive,Oppy,+55 (691) 815-2999,73814.57
Nita,Pettiward,+63 (172) 202-2558,92519.49
Veronike,McGall,+385 (196) 952-8234,54726.87
Sidoney,Dyble,+81 (488) 706-3425,98393.59
Piggy,Strawbridge,+216 (988) 522-8819,89567.58
Juliane,O'Beirne,+386 (735) 839-2898,92043.85
Skipp,Hellyar,+967 (804) 797-3974,96373.85
Marybelle,Lohden,+244 (661) 174-4889,58318.54
Sonny,Callendar,+86 (836) 533-5503,62412.27
Anastasia,Gorke,+86 (870) 277-6594,54504.29
Constanta,Saiger,+595 (407) 945-5762,70471.23
Wait,McClune,+216 (185) 943-3998,97354.43
Melodie,Stuart,+86 (409) 806-6557,80592.18
Joanie,Duffil,+62 (925) 451-4220,64919.26
Clarisse,Attenburrow,+86 (395) 111-8468,57320.45
Lauree,Tiplady,+687 (805) 990-8749,88570.67
Lucius,Danev,+86 (812) 128-7621,54891.25
Aurelia,Spencers,+52 (964) 146-0997,54489.3
Amanda,Fawlkes,+355 (726) 469-0305,68982.36
Lennard,Mair,+63 (549) 238-6186,55984.76
Mavis,McHale,+46 (879) 583-1982,61721.79
Marjory,Orhtmann,+86 (217) 180-9129,90811.84
Aloise,Kellar,+7 (722) 669-2410,68837.89
Irvine,Tourle,+47 (792) 279-4763,87045.4
Betteanne,McEachern,+63 (234) 460-3452,74656.8
Moselle,Nassy,+265 (469) 942-4501,65823.01
Reba,Delgaty,+48 (901) 907-1879,93079.85
Emili,Burgwin,+7 (343) 185-9575,74792.8
Theo,Guyet,+63 (747) 661-5300,86505.4
Freeland,Treble,+227 (676) 522-3462,70637.43
Babbie,Levis,+86 (164) 652-3367,65587.75
Anastasia,Jakubovitch,+1 (682) 314-9573,73320.31
Madalyn,Blader,+57 (436) 322-5698,64357.34
Tatiania,Madner,+48 (983) 542-0418,99296.32
Netty,Sallowaye,+351 (146) 229-4749,75982.87
Dulcine,Alben,+86 (577) 280-4618,80855.36
Renelle,Cuckoo,+1 (856) 106-1495,68493.51
Eddie,Scown,+92 (540) 162-7043,52482.15
Madeleine,Elmes,+64 (791) 986-9747,57822.14
Perri,Stopher,+62 (633) 272-9897,68518.61
Juanita,Shufflebotham,+380 (296) 763-3204,99233.06
Andris,Metts,+55 (251) 352-9479,90947.93
Bamby,Pock,+7 (314) 808-3730,86592.19
Kerk,Bleackley,+20 (301) 362-5077,63237.07
Ced,Pigeon,+62 (535) 562-0004,99651.95
Melania,Nisbith,+62 (631) 301-5240,91190.62
Kerwin,Raff,+7 (471) 156-4282,52878.42
Chad,Chitham,+86 (452) 610-7346,92067.74
Hermie,Guiu,+385 (271) 683-2940,68823.93
Norry,Pitkin,+55 (503) 841-3960,87821.32
Caria,Geroldini,+53 (907) 346-0702,61343.56
Sheppard,Weldon,+7 (163) 655-4757,97270.1
Mead,Nassau,+54 (778) 796-4121,52539.95
Lianne,Dehm,+235 (419) 956-3871,82585.47
Judah,McQuade,+506 (706) 206-9847,63306.53
Kaela,Tewnion,+389 (113) 109-8500,76226.08
Karalee,Gilbody,+46 (121) 802-1676,71893.71
Tildi,Cultcheth,+231 (125) 736-3420,79583.35
Hendrik,Becks,+47 (891) 145-7495,88246.33
Shirley,Gaythor,+1 (912) 504-5319,77328.6
Astrid,Klaassens,+1 (915) 605-9675,79968.52
Dalli,Gallagher,+63 (854) 224-3903,99953.16
Tana,Mogra,+385 (552) 315-1679,60174.76
Dorothee,Abeau,+86 (658) 925-2501,96648.6
Patrizius,Soden,+507 (118) 876-0718,82454.85
Hort,Birckmann,+62 (538) 657-3567,65944.15
Abeu,Spencock,+7 (782) 105-9521,62042.13
Martie,MacAnespie,+33 (636) 361-5612,67172.52
Arabella,Kasbye,+30 (756) 864-7534,76736.47
Moises,Barenskie,+7 (305) 864-9793,70824.76
Temple,Wortt,+86 (288) 930-3114,60263.61
Stearn,Border,+63 (676) 703-1325,62762.0
Garrik,Rosendall,+420 (807) 204-4317,86816.03
Giordano,Jouning,+420 (152) 743-4806,86988.93
Karmen,Sidworth,+371 (460) 536-6215,71488.2
Eliza,Twohig,+86 (302) 945-9338,91634.62
Parrnell,Schulke,+62 (969) 485-6978,93397.15
Aundrea,Aymes,+386 (752) 141-6437,97138.95
Lynna,Brokenshire,+54 (946) 961-7519,97262.27
Rica,Anthoine,+385 (821) 177-2855,73604.01
Rhoda,Giacomucci,+351 (670) 781-8445,55496.17
Chris,Pincott,+84 (272) 110-8460,79354.39
Vonni,Heathcoat,+92 (697) 644-3424,59466.82
Whitney,Glanister,+63 (694) 581-7920,91452.05
Klarrisa,Allbrook,+51 (268) 674-8242,55061.46
Correy,Keningham,+84 (115) 654-5726,93247.77
Leif,Yushkov,+54 (690) 181-0216,53280.08
Adan,Mattisssen,+46 (617) 303-8708,81806.31
Joanie,Carey,+84 (100) 373-4153,74545.74
Maribelle,Pidgen,+62 (437) 732-4655,63192.42
Dasi,Vivian,+7 (533) 140-5420,86587.78
Peadar,Knappett,+420 (560) 263-2576,82266.08
Alejandra,Easby,+55 (279) 784-4132,61665.17
Wilbert,Collinette,+45 (706) 423-0899,66202.91
Alwin,Shere,+351 (242) 272-0610,51711.41
Maighdiln,Plevin,+66 (271) 110-5294,79914.28
Chan,Childes,+7 (336) 720-0345,84506.02
Carri,Girton,+33 (622) 721-7097,98735.51
Marlane,Wyse,+358 (215) 844-6138,54859.12
Fields,Symons,+260 (719) 839-2878,89089.83
Kelsey,Vlach,+62 (168) 792-0026,91808.49
Arlena,Godding,+62 (553) 921-5557,56359.18
Zondra,Dorro,+62 (367) 296-4803,66129.2
Chantal,Craigie,+380 (870) 148-1985,68199.16
Claus,Redhills,+7 (320) 361-6291,52297.52
Ruthi,Fairest,+351 (728) 159-2027,93092.28
Antone,Denney,+212 (480) 199-6198,80599.39
Blithe,Sailor,+420 (996) 836-4519,97398.45
Arlyn,Beale,+62 (167) 570-0106,51522.72
Nels,Avrahamian,+56 (254) 569-6347,99671.79
Ev,Nanninini,+212 (939) 826-6065,87501.83
Maude,Fernehough,+46 (282) 730-1846,86406.47
Marga,Decruse,+1 (281) 360-6269,84115.56
Dirk,Kurtis,+66 (378) 180-4313,81995.7
Brennen,Elnaugh,+967 (249) 493-1591,62165.5
Audy,Shayes,+374 (379) 321-5722,71828.33
Noach,Scruby,+506 (962) 211-0850,61345.47
Selene,Jeal,+51 (632) 445-5184,75915.74
Dina,Faughnan,+353 (530) 446-4720,99244.05
Tabbie,Wistance,+994 (575) 547-6472,61781.36
Rem,Ramsier,+994 (211) 634-9972,89446.86
Tommie,Lawton,+389 (647) 612-5270,88839.23
Wally,McMakin,+33 (709) 764-6748,84378.29
Gaspar,Sawers,+54 (970) 775-7256,74373.58
Lilyan,McFetrich,+962 (747) 598-9315,50762.16
Ferrel,Faireclough,+234 (544) 560-7522,83708.88
Rory,Feron,+86 (750) 811-0175,93197.55
Stace,Bransgrove,+62 (154) 501-0327,95285.76
Carolyn,Muneely,+62 (928) 867-0941,86324.84
Nikola,Wilbore,+7 (172) 943-1703,86530.44
Linnell,Swadden,+1 (368) 287-9931,71238.32
Felizio,Daborn,+86 (431) 889-5578,88517.12
Ludovico,Peagram,+7 (430) 684-9283,98549.39
Jessamine,Benzie,+7 (115) 111-6698,54972.42
Kellby,Heugel,+86 (251) 301-9916,50024.47
Porty,Papps,+1 (181) 602-4822,64803.01
Niko,Brimble,+55 (130) 729-0730,74791.26
Karlotte,Brickdale,+269 (188) 402-4008,78124.7
Minnaminnie,Lough,+33 (779) 900-4832,83842.12
Manda,Caldero,+86 (589) 280-3085,69012.82
Archibald,Tiffney,+62 (774) 528-6820,65749.89
Caren,Bladge,+86 (249) 764-9335,93396.34
Hogan,Waldrum,+352 (102) 468-5685,58447.74
Galen,Dermot,+62 (227) 674-6673,93970.84
Mikey,Meeland,+55 (407) 507-8252,61201.83
Kippy,Balsellie,+977 (445) 120-6370,63559.89
Thorstein,Bousler,+880 (974) 172-1984,61341.5
Lilian,Goff,+1 (824) 115-3517,91967.04
Cordy,Tinwell,+57 (660) 779-9221,57156.26
Austin,Blaw,+62 (632) 885-7664,77402.13
Cob,Smogur,+385 (784) 337-7352,92317.0
Hastings,Doni,+62 (863) 602-4578,95780.47
Putnam,Pawlik,+66 (994) 423-0372,95307.54
Bord,Yeardsley,+86 (211) 910-2119,61778.39
Charlotte,Spadotto,+62 (501) 901-2532,60220.54
Charis,Fairn,+63 (232) 666-6281,65724.15
Charlena,Vear,+46 (639) 351-9544,85744.89
Ennis,Bringloe,+82 (905) 904-5904,64396.68
Gaynor,Brickdale,+54 (712) 932-4475,89430.73
Nathalia,Wight,+86 (973) 514-2055,82322.2
Sisile,Kindell,+86 (737) 327-4531,60926.94
Thornie,Brewitt,+82 (446) 196-4147,62306.91
Obidiah,Swettenham,+420 (966) 651-1990,51383.86
Jenilee,Peltz,+48 (169) 572-8344,89544.72
Bogart,Goodread,+62 (347) 806-4262,56803.41
Stefa,Roset,+380 (971) 495-7574,65580.22
Reg,McNelly,+351 (559) 817-3326,97695.46
Haywood,Trevithick,+387 (512) 147-6604,75611.1
Ermengarde,Ritchman,+420 (218) 567-9985,71258.31
Frank,Ottewill,+420 (200) 228-9567,96641.84
Katharina,Wisher,+46 (140) 240-0612,51801.78
Kane,Scurfield,+48 (752) 405-8312,80095.38
Celeste,Guerrieri,+62 (390) 499-5592,83344.73
Zondra,Dorr,+7 (864) 554-7673,84448.87
Westbrook,O'Concannon,+81 (938) 836-6072,50647.34
Reinwald,Light,+212 (704) 536-7500,82779.89
Demetrius,Dashwood,+86 (568) 449-4177,81432.85
Paxton,Beatens,+33 (347) 995-3241,51651.65
Burg,Feldberger,+62 (604) 478-5486,80894.76
Zea,Creavin,+358 (637) 860-2198,52986.66
Maxy,MacRannell,+63 (913) 477-5355,87807.69
Kipp,Tringham,+86 (551) 529-6860,86799.25
Rahal,Stockney,+62 (193) 422-9388,53394.77
Goldina,Hutley,+86 (170) 292-5505,56740.55
Sari,Jerche,+55 (542) 858-8550,67753.71
Estrella,Hardy-Piggin,+86 (793) 578-5601,70615.65
Aileen,Alvares,+420 (442) 291-0392,62082.64
Claiborn,Bottrill,+92 (599) 125-1379,73426.67
Melony,Tilston,+51 (914) 375-1846,51856.97
Ophelie,Greenland,+55 (604) 118-0927,96278.71
Maxie,Gowar,+55 (757) 680-7170,70890.68
Estrellita,O'Beirne,+33 (347) 619-3351,97761.66
Neill,Kestin,+66 (715) 801-9448,65184.8
Reuben,Lowrie,+62 (230) 524-2588,83677.07
Patrizius,Poupard,+54 (571) 887-8760,81805.75
Ryon,Karpenko,+7 (946) 300-6264,64964.34
Evelin,Nelsey,+223 (159) 145-0618,83720.86
Karine,MacAless,+48 (828) 792-0743,81797.34
Florie,Bottini,+86 (322) 383-6596,70748.78
Edy,Chessil,+52 (593) 441-9492,61245.31
Demetra,Abbets,+93 (977) 446-4555,87342.27
Gerald,Kettlestringe,+48 (856) 903-5333,76590.45
Constantino,Witcher,+7 (545) 657-7905,50285.07
Dolf,Dreier,+62 (141) 462-2390,84188.57
Lek,Mouth,+54 (553) 856-7762,80443.88
Glenna,Oxby,+351 (706) 168-0490,51159.65
Malvina,Caton,+63 (874) 685-1290,92686.11
Barret,Masseo,+62 (351) 747-3077,72693.55
Cordy,Boatwright,+62 (588) 500-5467,79755.95
Mason,Dundredge,+968 (497) 552-3361,69445.56
Justen,Readmire,+351 (145) 940-2244,67435.66
Diego,Ferriby,+86 (547) 954-2446,85949.7
Larisa,Hamer,+33 (915) 815-6356,56634.19
Freddy,Conew,+62 (779) 269-2133,72113.55
Filberto,Tydd,+62 (464) 910-5589,87305.05
Budd,Earey,+1 (373) 328-8024,92586.17
Marci,Nusche,+33 (667) 111-0818,84360.71
Lorinda,Tolcher,+86 (755) 765-9921,92702.09
Abeu,Cram,+375 (737) 968-3810,90415.77
Augustina,Truswell,+234 (701) 560-5048,61535.8
Kirby,Buff,+31 (250) 256-0437,81047.45
Amandi,Tuppeny,+86 (585) 671-9797,59068.83
Mike,Fallon,+62 (178) 874-1792,80622.17
Serene,McJerrow,+86 (186) 552-6563,66206.11
Lyle,Engley,+62 (764) 889-5954,86352.72
Zarla,Farfalameev,+62 (575) 647-6012,64214.48
Louisa,Rabb,+63 (606) 713-0070,61033.74
Eudora,Costi,+63 (671) 814-8962,74638.97
Padraic,Earnshaw,+33 (755) 748-1896,67796.29
Cortie,McInnes,+63 (292) 214-5522,58438.37
Durante,Bradmore,+62 (553) 514-3181,88716.58
Evelina,Climo,+48 (606) 471-4071,78423.85
Natale,Percifull,+972 (456) 618-3982,74357.75
Jennee,Hubbucke,+387 (386) 289-9334,88571.82
Richardo,Padly,+46 (210) 338-7022,79403.53
Janene,Bittany,+48 (550) 147-6225,79878.68
Bab,Cassin,+255 (613) 791-4088,86068.9
Ezri,Tuddall,+86 (812) 744-6460,66114.82
Olwen,Cleaton,+62 (320) 825-8587,82773.51
Gilbertina,Paler,+7 (418) 883-9016,61454.29
Robb,Escalera,+7 (939) 173-0636,80528.08
Gannon,Hawney,+33 (476) 807-4906,86319.67
Nonna,Wilkennson,+62 (544) 665-8542,70497.37
Janessa,Tideswell,+976 (721) 536-4744,74705.06
Andriana,Stannah,+1 (376) 416-0276,69785.4
Noble,Keneforde,+506 (581) 431-2540,91759.6
Tonia,Woodrow,+49 (846) 698-3616,80004.61
Bev,Haukey,+31 (891) 966-4896,94543.28
Susette,Almey,+48 (503) 481-0232,69610.6
Cass,Drury,+86 (590) 767-7880,54612.85
Randal,Bail,+86 (694) 112-9560,63915.0
Amerigo,Issacov,+55 (959) 431-5028,61900.31
Dacey,Bocking,+86 (175) 762-5537,82236.23
Mattie,Lingner,+62 (203) 935-1646,62646.04
Stanislaus,Yeskov,+63 (300) 326-3110,79120.93
Hilliard,Seavers,+62 (352) 665-9654,53802.45
Melosa,Schultes,+7 (790) 309-9038,59251.84
Lolly,de Copeman,+63 (759) 305-5407,82366.83
Jennilee,Binne,+7 (584) 619-9311,88185.5
Cully,Houldey,+62 (225) 237-9265,51180.15
Nanci,Brasener,+55 (461) 796-6773,56887.18
Bernie,Thunnercliffe,+230 (299) 533-1181,95016.57
Tedman,Elphee,+86 (329) 918-3289,87506.5
Dewey,Satterfitt,+267 (236) 716-9596,94942.13
Malvin,Gambles,+960 (335) 719-3719,86775.92
Karylin,Killingsworth,+27 (414) 536-1816,68231.32
Nigel,Handrik,+55 (308) 651-0557,71781.33
Timmy,Shyre,+94 (314) 493-5830,80399.05
Marchall,Bottell,+54 (569) 945-7532,56560.07
Ebenezer,Bonnette,+86 (246) 135-7645,83981.83
Valentijn,Bonsul,+62 (200) 971-7754,78440.5
Gaspar,Kohrsen,+81 (234) 466-3449,58154.13
Meta,Lamba,+420 (294) 965-3931,89561.57
Laurence,Anstie,+62 (442) 354-6472,73727.08
Bunny,Sute,+62 (110) 784-3049,64893.04
Reg,Galbraeth,+502 (393) 634-9642,82028.37
Calla,Lamba,+33 (173) 850-8610,58228.61
Vyky,Seleway,+373 (977) 357-8171,59381.31
Kristos,Paddell,+995 (799) 518-4836,98311.61
Harmonie,Riccetti,+46 (961) 761-9257,84811.66
Olivia,Collin,+351 (647) 642-7791,55000.2
Kira,Curror,+385 (763) 939-1353,75825.72
Giles,Haldin,+7 (193) 472-1932,97072.22
Mellicent,Chown,+86 (365) 135-7634,63020.58
Angelique,De Carteret,+62 (498) 681-7589,67183.36
Justino,Stainton - Skinn,+686 (796) 849-9742,65445.51
Fanchette,Lidgard,+84 (748) 327-6636,79999.26
Hadley,Van der Mark,+673 (559) 934-1947,66029.24
Barbey,Morland,+84 (340) 751-9752,85762.89
Valencia,Owtram,+86 (975) 140-2313,81566.83
Kristos,Mushawe,+86 (151) 867-3815,76282.03
Aili,Eglington,+267 (102) 883-1564,80989.24
Rufe,Hannon,+63 (394) 214-0755,50373.31
Duane,Chrystal,+7 (604) 517-9478,63546.98
Margaux,Fernely,+86 (776) 141-4600,97486.59
Martelle,Bratcher,+7 (805) 308-2852,70909.42
Kelley,Stallebrass,+970 (239) 541-6008,83903.25
Jilleen,Gayter,+353 (608) 446-1583,98203.71
Gypsy,Ojeda,+81 (997) 890-4059,83283.04
Salvador,De Courtney,+1 (433) 302-7542,79470.34
Almira,Mawdsley,+880 (360) 800-8989,72276.77
Penelopa,Amyes,+86 (145) 781-3399,73552.27
Dav,Erratt,+53 (871) 962-3479,71899.72
Armstrong,Bourdice,+966 (693) 691-4130,98134.95
Arturo,Van der Daal,+62 (788) 873-7797,65499.16
Annmarie,Dell Casa,+1 (361) 821-4898,82318.48
Davie,Lidster,+63 (320) 372-2695,78764.19
Brewer,Benian,+62 (232) 397-5629,99844.62
Melinde,Rickersy,+46 (529) 143-5743,92724.35
Charmine,Hedge,+46 (671) 871-2467,96300.02
Brandice,Schuck,+994 (842) 420-9043,62705.93
Jeniffer,Shuttlewood,+63 (563) 314-2145,77590.2
Jelene,Dryburgh,+55 (298) 968-7981,97803.94
Clemens,Hartfield,+1 (772) 136-4827,61688.48
Locke,Berriball,+86 (959) 318-5656,56610.92
Hymie,Orringe,+63 (372) 733-1219,87908.06
Aveline,Andrea,+591 (666) 637-5303,62458.79
Dawn,Cornock,+62 (790) 410-3759,70621.18
Melina,Najara,+63 (185) 493-7186,50952.62
Hodge,Issacof,+86 (469) 157-4534,57846.15
Ludwig,Glentworth,+62 (228) 891-0870,99600.22
Raymond,Pashan,+255 (885) 465-1467,56398.79
Aubrey,Weekland,+1 (239) 163-0252,96295.05
Boycie,Huertas,+86 (296) 741-7608,90789.64
Buck,Libby,+86 (934) 559-2506,85335.17
Erin,Bish,+375 (243) 682-1308,66036.46
Johnny,Bradborne,+7 (412) 682-4117,69863.0
Kasey,Thresh,+62 (326) 636-8406,53026.08
Ernst,Seaton,+86 (225) 249-1243,70077.28
Laetitia,Bonniface,+57 (310) 368-8707,94422.95
Nonnah,Templeman,+63 (807) 903-4363,91150.88
Astrid,Perett,+81 (233) 555-7002,97975.47
Clarke,Scotchmor,+1 (617) 518-7507,54010.35
Neill,Yashunin,+351 (728) 653-0830,87503.69
Arney,Pedrozzi,+54 (949) 300-3318,93833.46
Jaine,Reichelt,+27 (511) 483-2169,98450.14
Dre,Willoughley,+212 (716) 911-8448,66677.04
Porter,Coldwell,+255 (956) 647-2160,76082.56
Avictor,Schleswig-Holstein,+51 (726) 633-6869,88884.06
Sharai,Vial,+54 (446) 622-3920,73318.86
Ruthi,Lightbourn,+7 (704) 246-6684,77533.75
Kamillah,Jackling,+86 (915) 193-7897,60051.74
Hans,Clarridge,+255 (555) 220-3002,95961.62
Van,Ugoni,+57 (143) 981-0698,71209.22
Giffie,Feaviour,+86 (505) 985-6551,93541.37
Vallie,Charles,+212 (630) 951-1088,51210.74
Jermaine,Pleavin,+62 (960) 908-2573,60498.26
Dani,Methven,+86 (302) 924-3407,51934.77
Imogen,Zemler,+1 (942) 189-4951,87170.56
Silvano,Manie,+34 (194) 956-8169,80105.8
Jasmin,Channon,+63 (489) 862-0223,76222.17
Susan,Dunseath,+976 (804) 157-3934,93444.07
Gabby,Moxley,+7 (413) 513-9110,96389.46
Ashly,Reape,+222 (183) 884-0755,84343.51
Emili,Uttermare,+81 (825) 172-5165,55048.54
Rosemaria,Coslett,+86 (859) 760-7459,89841.69
Leonidas,Lenox,+86 (301) 955-4626,69628.1
Dal,Muro,+27 (777) 354-8037,62151.46
Sherwynd,Qualtrough,+351 (760) 576-3167,59545.65
Dexter,Walsom,+1 (612) 434-6744,98111.78
Luciana,Carslaw,+81 (674) 497-4510,64259.81
Lanita,Cancellor,+254 (507) 676-9367,92121.12
Eddi,Pydcock,+63 (189) 725-6236,53224.51
Stoddard,Dumingos,+52 (395) 571-4447,66359.4
Klarika,Acors,+7 (254) 108-0753,91677.79
Billi,Hrishchenko,+7 (277) 640-0241,91254.45
Beitris,Aubray,+86 (781) 154-3629,55352.34
Anne-corinne,Clowser,+33 (381) 209-3093,64485.94
Leanna,Martelet,+86 (104) 808-9888,76109.93
Chadwick,Neilson,+420 (777) 646-4154,55088.34
Audrye,Whitelaw,+380 (476) 825-1303,77640.08
Catriona,Mersh,+255 (341) 371-0915,86026.3
Ardith,Carcas,+504 (817) 817-5991,96947.37
Ardelia,Cudbird,+7 (756) 480-0871,57626.24
Cordie,Doble,+233 (253) 133-5010,84679.18
Shandra,Bulcroft,+7 (520) 721-9940,76523.85
Bobbie,Leavry,+93 (877) 771-2308,99466.81
Jerrie,Rundall,+62 (955) 873-4099,89604.35
Felicio,Hocking,+63 (413) 648-5129,65996.04
Doy,Breeton,+62 (912) 363-9219,60428.27
Keane,Giron,+351 (269) 974-0757,87967.96
Avivah,Handrik,+255 (605) 761-6965,99253.27
Jarrid,Deaville,+66 (809) 718-7105,50557.86
Zacherie,Catto,+62 (475) 384-5001,51203.05
Stafani,Pocock,+30 (869) 503-4144,56810.49
Anne-corinne,Scown,+351 (296) 902-0458,62201.0
Pearle,Stokes,+62 (164) 874-7016,93645.32
Marnia,Houseman,+62 (928) 875-8085,88402.97
Dale,Rishman,+52 (715) 527-9731,76210.22
Shela,Garrett,+86 (257) 601-1458,71310.37
Leia,Dimberline,+356 (429) 191-7836,88972.13
Bernarr,Bambrough,+977 (265) 454-5151,56704.09
Joyann,McGinnis,+381 (129) 632-4898,98644.67
Kendra,Saunder,+63 (158) 628-1871,74402.09
Bat,Gauge,+381 (555) 341-4685,98854.86
Eadie,Caygill,+7 (744) 153-8868,93219.05
Gerladina,Bodham,+63 (587) 175-8212,83339.55
Selestina,Toulch,+86 (111) 481-4887,99428.13
Timothee,Elsey,+351 (454) 666-6744,58237.23
Jeanette,Blumfield,+86 (880) 269-6039,85458.09
Kalina,Pratten,+66 (350) 188-6188,93682.0
Aubrie,Mila,+1 (714) 369-7764,85659.3
Hamlin,Maleck,+86 (874) 956-2322,86915.82
Eda,Andrez,+86 (405) 605-0697,79191.1
Clara,Flieg,+52 (708) 758-0919,88956.39
Steve,Lowis,+62 (953) 504-9045,85335.79
Alejoa,Pitford,+62 (416) 624-5065,85028.94
Hagan,Carn,+48 (625) 179-4278,74847.33
Mariejeanne,Gronow,+62 (685) 488-8051,79958.05
Honor,Fransseni,+977 (878) 545-7912,79742.64
Catarina,Lamb-shine,+7 (612) 225-1028,94522.18
Rupert,Burdis,+48 (879) 100-3767,66967.47
Kile,Durno,+242 (294) 508-4836,74689.94
Tedda,Moodie,+30 (887) 355-2439,66603.94
Cam,Skippings,+93 (811) 332-5236,97819.54
Delmar,Simeonov,+27 (357) 564-5114,65997.09
Carlotta,Curro,+62 (461) 764-1499,81395.61
Madge,Stigell,+63 (496) 748-9836,64571.9
Carce,Igo,+86 (358) 688-6245,80321.2
Dani,Mostyn,+62 (590) 812-1176,67675.26
Keenan,Raeburn,+62 (376) 786-4340,52747.15
Amby,Dunniom,+30 (730) 575-8711,75599.75
Osmond,Chislett,+57 (969) 341-0351,85277.86
Jaymee,Timblett,+7 (975) 549-7876,54938.28
Salome,Yurkov,+7 (344) 169-6206,84473.69
Tedman,Goodreid,+86 (760) 360-2166,53985.65
Layton,Jollands,+64 (490) 360-5548,57874.78
Barthel,Lowndes,+27 (441) 662-4526,94257.83
Binni,Casewell,+86 (820) 696-7030,85253.5
Jarrett,Mapples,+359 (959) 366-1149,64232.64
Yasmeen,Revan,+86 (302) 552-6145,85819.41
Roxane,Berrie,+353 (822) 515-4180,80212.2
Elna,Wakelam,+420 (850) 918-8094,96513.96
Bobine,Local,+45 (275) 259-0182,93047.72
Tierney,Smales,+86 (127) 913-7449,69539.19
Sharai,Gemmell,+55 (234) 465-4085,96045.98
Ariel,Grovier,+55 (235) 963-6966,81331.21
Rollo,Adamovicz,+62 (653) 110-9165,87508.38
Porter,Tesmond,+507 (738) 481-5212,58228.8
Bradly,Dommersen,+61 (793) 737-1213,86195.85
Beilul,Struther,+970 (630) 894-0974,76276.86
Penny,Loving,+86 (164) 672-4943,68954.48
Mayor,Bruinemann,+7 (969) 333-6800,90390.13
Marcello,Buchett,+670 (763) 404-6098,90476.36
Lulu,Willgrass,+48 (660) 238-3428,51800.51
Jeannette,Landells,+504 (892) 478-0703,63213.39
Roman,Castellino,+7 (294) 687-9299,60102.41
Fredelia,Fihelly,+64 (460) 610-2268,60428.06
Hyacinthia,Eyckelbeck,+595 (434) 260-5818,60541.95
Kiel,Ravenscraft,+27 (895) 600-2359,90691.8
Quinn,Lupton,+33 (397) 590-3974,58933.11
Jimmy,Sille,+55 (509) 354-5412,83415.07
Sandi,Kornousek,+351 (968) 592-8362,87573.51
Merilee,Westmancoat,+233 (644) 377-0264,79782.65
Hilarius,Cherryman,+46 (450) 512-9826,60130.45
Gonzalo,Brine,+591 (827) 765-1819,97210.6
Damon,Banes,+48 (405) 451-9135,71805.17
